Chromosome,Position,Major,Minor,MajorFrequencyIND,MinorFrequencyIND,MajorFrequencySEA,MinorFrequencySEA,AbsoluteDifference,NIND,NSEA
NC_066833.1,8985506,A,G,0,1,1,0,1,16,94
NC_066833.1,8988427,T,G,0,1,1,0,1,18,90
NC_066833.1,15638009,A,G,0,1,1,0,1,16,90
NC_066834.1,7779722,T,C,0,1,1,0,1,18,88
NC_066834.1,8023469,G,A,0,1,1,0,1,18,90
NC_066834.1,8660375,T,G,0,1,1,0,1,18,88
NC_066834.1,14229150,T,C,0,1,1,0,1,20,90
NC_066834.1,15675712,T,C,0,1,1,0,1,14,94
NC_066834.1,15763426,T,C,0,1,1,0,1,16,94
NC_066834.1,16402571,T,C,0,1,1,0,1,16,92
NC_066834.1,16960748,G,A,0,1,1,0,1,14,94
NC_066834.1,20282397,A,G,0,1,1,0,1,16,94
NC_066835.1,15091392,C,T,0,1,1,0,1,14,92
NC_066836.1,3620588,A,G,0,1,1,0,1,16,94
NC_066836.1,17925927,C,T,0,1,1,0,1,16,92
NC_066836.1,20697667,A,G,0,1,1,0,1,14,94
NC_066837.1,4509348,C,G,0,1,1,0,1,16,94
NC_066837.1,4509388,G,A,0,1,1,0,1,16,94
NC_066837.1,5963488,A,G,0,1,1,0,1,14,92
NC_066837.1,8685428,G,C,0,1,1,0,1,18,90
NC_066837.1,8736684,T,C,0,1,1,0,1,20,88
NC_066837.1,13179025,G,A,0,1,1,0,1,16,92
NC_066837.1,13179213,G,C,0,1,1,0,1,14,94
NC_066837.1,13179282,G,A,0,1,1,0,1,18,92
NC_066837.1,13179295,A,G,0,1,1,0,1,18,94
NC_066837.1,13179344,A,G,0,1,1,0,1,18,92
NC_066837.1,13179362,A,G,0,1,1,0,1,18,94
NC_066837.1,13179429,C,T,0,1,1,0,1,14,92
NC_066837.1,13180229,G,A,0,1,1,0,1,12,94
NC_066837.1,13180234,T,C,0,1,1,0,1,12,94
NC_066837.1,13180380,A,T,0,1,1,0,1,12,94
NC_066837.1,13301498,A,G,0,1,1,0,1,14,92
NC_066837.1,13338332,T,C,0,1,1,0,1,16,94
NC_066837.1,13672743,G,A,0,1,1,0,1,14,94
NC_066837.1,15566735,C,T,0,1,1,0,1,20,86
NC_066837.1,17435949,C,T,0,1,1,0,1,22,90
NC_066837.1,19955461,T,A,0,1,1,0,1,16,90
NC_066837.1,20528345,T,C,0,1,1,0,1,20,88
NC_066837.1,20528659,G,A,0,1,1,0,1,20,90
NC_066837.1,25447878,C,T,0,1,1,0,1,14,92
NC_066838.1,27116205,G,A,0,1,1,0,1,22,92
NC_066839.1,19148956,T,C,0,1,1,0,1,14,92
NC_066839.1,21352890,A,G,0,1,1,0,1,12,94
NC_066839.1,21359857,C,T,0,1,1,0,1,20,88
NC_066840.1,6470590,T,C,0,1,1,0,1,18,90
NC_066840.1,7327980,C,T,0,1,1,0,1,18,88
NC_066840.1,7610804,G,A,0,1,1,0,1,16,92
NC_066841.1,10108893,G,A,0,1,1,0,1,14,94
NC_066841.1,21640308,C,T,0,1,1,0,1,18,94
NC_066842.1,22149556,T,C,0,1,1,0,1,14,92
NC_066842.1,22219011,C,T,0,1,1,0,1,16,94
NC_066842.1,22219012,A,G,0,1,1,0,1,14,94
NC_066842.1,22219475,G,A,0,1,1,0,1,12,94
NC_066842.1,22219802,G,T,0,1,1,0,1,16,94
NC_066842.1,22219841,C,T,0,1,1,0,1,18,92
NC_066842.1,22220285,G,A,0,1,1,0,1,20,88
NC_066842.1,22220288,G,A,0,1,1,0,1,20,88
NC_066842.1,22220846,G,A,0,1,1,0,1,16,92
NC_066842.1,22225058,T,G,0,1,1,0,1,14,94
NC_066843.1,6210712,G,T,0,1,1,0,1,16,92
NC_066843.1,6210772,A,G,0,1,1,0,1,18,92
NC_066843.1,6210828,C,G,0,1,1,0,1,14,94
NC_066843.1,7944921,G,A,0,1,1,0,1,14,94
NC_066843.1,7959007,C,T,0,1,1,0,1,18,92
NC_066843.1,7959377,G,A,0,1,1,0,1,16,94
NC_066843.1,7960286,T,C,0,1,1,0,1,18,92
NC_066843.1,7960651,C,T,0,1,1,0,1,16,90
NC_066843.1,7964605,C,T,0,1,1,0,1,16,90
NC_066843.1,7966662,G,A,0,1,1,0,1,16,92
NC_066843.1,7967151,A,T,0,1,1,0,1,12,94
NC_066843.1,11817338,C,T,0,1,1,0,1,14,94
NC_066844.1,11104619,C,T,0,1,1,0,1,14,92
NC_066844.1,16817526,T,C,0,1,1,0,1,12,94
NC_066844.1,17138772,T,C,0,1,1,0,1,20,88
NC_066844.1,18745045,C,T,0,1,1,0,1,20,86
NC_066844.1,23822984,G,A,0,1,1,0,1,16,90
NC_066844.1,23823065,G,A,0,1,1,0,1,12,94
NC_066844.1,23911712,A,G,0,1,1,0,1,14,94
NC_066844.1,23938513,T,G,0,1,1,0,1,16,90
NC_066844.1,23944220,G,A,0,1,1,0,1,16,90
NC_066844.1,24140975,T,C,0,1,1,0,1,12,94
NC_066844.1,24542671,G,A,0,1,1,0,1,14,94
NC_066844.1,25046768,T,C,0,1,1,0,1,18,88
NC_066845.1,3346348,G,A,0,1,1,0,1,20,88
NC_066845.1,19634952,G,A,0,1,1,0,1,14,92
NC_066845.1,23377286,T,G,0,1,1,0,1,16,94
NC_066846.1,1781558,G,A,0,1,1,0,1,16,94
NC_066846.1,3258902,C,A,0,1,1,0,1,22,90
NC_066847.1,12481123,A,G,0,1,1,0,1,16,92
NC_066847.1,12481127,A,G,0,1,1,0,1,16,92
NC_066847.1,23019732,T,C,0,1,1,0,1,16,92
NC_066848.1,2705956,C,T,0,1,1,0,1,16,92
NC_066848.1,16354874,A,G,0,1,1,0,1,20,86
NC_066848.1,20454804,C,G,0,1,1,0,1,22,92
NC_066848.1,20568310,T,C,0,1,1,0,1,14,92
NC_066848.1,21451580,T,C,0,1,1,0,1,18,90
NC_066848.1,24372042,T,C,0,1,1,0,1,12,94
NC_066848.1,25084345,G,T,0,1,1,0,1,18,92
NC_066849.1,1439834,G,T,0,1,1,0,1,14,92
NC_066849.1,1452289,C,T,0,1,1,0,1,16,92
NC_066849.1,1468729,A,C,0,1,1,0,1,18,94
NC_066849.1,1903979,A,G,0,1,1,0,1,12,94
NC_066849.1,4911014,C,T,0,1,1,0,1,12,94
NC_066849.1,7961485,C,T,0,1,1,0,1,20,94
NC_066849.1,8017399,C,G,0,1,1,0,1,18,94
NC_066849.1,9469832,A,G,0,1,1,0,1,12,94
NC_066849.1,10695292,G,A,0,1,1,0,1,18,88
NC_066849.1,10874008,G,A,0,1,1,0,1,22,94
NC_066849.1,11124489,A,G,0,1,1,0,1,14,92
NC_066849.1,11293281,A,G,0,1,1,0,1,22,84
NC_066849.1,11902370,A,G,0,1,1,0,1,16,94
NC_066849.1,13402022,A,G,0,1,1,0,1,12,94
NC_066849.1,13412554,A,G,0,1,1,0,1,16,92
NC_066849.1,13474970,T,C,0,1,1,0,1,20,94
NC_066849.1,14123652,G,A,0,1,1,0,1,18,88
NC_066849.1,14999951,T,C,0,1,1,0,1,14,92
NC_066849.1,14999954,T,C,0,1,1,0,1,14,92
NC_066849.1,15408904,C,T,0,1,1,0,1,16,92
NC_066849.1,16578750,A,T,0,1,1,0,1,14,94
NC_066849.1,18089156,A,C,0,1,1,0,1,12,94
NC_066849.1,18453174,C,T,0,1,1,0,1,22,92
NC_066849.1,18528851,G,A,0,1,1,0,1,18,90
NC_066849.1,20230966,A,G,0,1,1,0,1,18,92
NC_066849.1,24627109,T,C,0,1,1,0,1,18,90
NC_066849.1,24683613,C,T,0,1,1,0,1,12,94
NC_066850.1,727439,G,A,0,1,1,0,1,18,94
NC_066850.1,727571,G,A,0,1,1,0,1,14,92
NC_066850.1,12887711,G,A,0,1,1,0,1,12,94
NC_066851.1,8706059,G,A,0,1,1,0,1,16,94
NC_066852.1,5226718,C,G,0,1,1,0,1,16,94
NC_066852.1,6051133,A,G,0,1,1,0,1,22,88
NC_066852.1,6051178,G,C,0,1,1,0,1,18,90
NC_066852.1,6742578,C,G,0,1,1,0,1,20,90
NC_066852.1,7831655,T,C,0,1,1,0,1,20,92
NC_066852.1,8387299,C,T,0,1,1,0,1,18,88
NC_066852.1,11857208,T,C,0,1,1,0,1,18,94
NC_066852.1,13293065,C,T,0,1,1,0,1,20,94
NC_066852.1,13710035,T,C,0,1,1,0,1,12,94
NC_066852.1,13926689,A,G,0,1,1,0,1,14,92
NC_066852.1,18365655,C,T,0,1,1,0,1,12,94
NC_066852.1,19192227,A,G,0,1,1,0,1,18,94
NC_066852.1,20206309,A,G,0,1,1,0,1,16,92
NC_066852.1,20477475,C,T,0,1,1,0,1,18,92
NC_066853.1,10302672,T,C,0,1,1,0,1,16,92
NC_066854.1,4626910,T,C,0,1,1,0,1,14,92
NC_066854.1,13557382,G,C,0,1,1,0,1,16,94
NC_066855.1,8097824,A,T,0,1,1,0,1,14,92
NC_066856.1,4878801,G,A,0,1,1,0,1,16,94
