LD1,SNP,locus,Chrom,Site
4.547269520266757e-4,NC_066836_1_17592689.1,NC_066836_1_17592689,NC_066836_1,17592689
4.5472695202667545e-4,NC_066836_1_17592689.0,NC_066836_1_17592689,NC_066836_1,17592689
4.436233234623653e-4,NC_066853_1_2248175.0,NC_066853_1_2248175,NC_066853_1,2248175
4.436233234623653e-4,NC_066853_1_2248175.1,NC_066853_1_2248175,NC_066853_1,2248175
4.423324550959089e-4,NC_066850_1_3880130.0,NC_066850_1_3880130,NC_066850_1,3880130
4.423324550959089e-4,NC_066850_1_3880130.1,NC_066850_1_3880130,NC_066850_1,3880130
4.409146812315618e-4,NC_066853_1_24074234.0,NC_066853_1_24074234,NC_066853_1,24074234
4.409146812315618e-4,NC_066853_1_24074234.1,NC_066853_1_24074234,NC_066853_1,24074234
4.381337071594844e-4,NC_066837_1_19383336.1,NC_066837_1_19383336,NC_066837_1,19383336
4.381337071594844e-4,NC_066837_1_19383336.0,NC_066837_1_19383336,NC_066837_1,19383336
4.0647701546036127e-4,NC_066842_1_19847053.0,NC_066842_1_19847053,NC_066842_1,19847053
4.0647701546036127e-4,NC_066842_1_19847053.1,NC_066842_1_19847053,NC_066842_1,19847053
4.0274976979102903e-4,NC_066836_1_12567250.0,NC_066836_1_12567250,NC_066836_1,12567250
4.0274976979102903e-4,NC_066836_1_12567250.1,NC_066836_1_12567250,NC_066836_1,12567250
3.7082538926690715e-4,NC_066840_1_5345653.0,NC_066840_1_5345653,NC_066840_1,5345653
3.7082538926690715e-4,NC_066840_1_5345653.1,NC_066840_1_5345653,NC_066840_1,5345653
3.661630914232458e-4,NC_066856_1_13980925.0,NC_066856_1_13980925,NC_066856_1,13980925
3.661630914232458e-4,NC_066856_1_13980925.1,NC_066856_1_13980925,NC_066856_1,13980925
3.542192336167922e-4,NC_066838_1_24363574.0,NC_066838_1_24363574,NC_066838_1,24363574
3.542192336167922e-4,NC_066838_1_24363574.1,NC_066838_1_24363574,NC_066838_1,24363574
3.5389284579161553e-4,NC_066840_1_9489104.1,NC_066840_1_9489104,NC_066840_1,9489104
3.5389284579161553e-4,NC_066840_1_9489104.0,NC_066840_1_9489104,NC_066840_1,9489104
3.390357277529334e-4,NC_066856_1_18592915.0,NC_066856_1_18592915,NC_066856_1,18592915
3.390357277529334e-4,NC_066856_1_18592915.1,NC_066856_1_18592915,NC_066856_1,18592915
3.258043589881541e-4,NC_066850_1_799807.0,NC_066850_1_799807,NC_066850_1,799807
3.258043589881541e-4,NC_066850_1_799807.1,NC_066850_1_799807,NC_066850_1,799807
3.2293632292596566e-4,NC_066849_1_20460203.0,NC_066849_1_20460203,NC_066849_1,20460203
3.229363229259655e-4,NC_066849_1_20460203.1,NC_066849_1_20460203,NC_066849_1,20460203
3.178025840566785e-4,NC_066844_1_25851500.0,NC_066844_1_25851500,NC_066844_1,25851500
3.178025840566784e-4,NC_066844_1_25851500.1,NC_066844_1_25851500,NC_066844_1,25851500
3.1765698627174405e-4,NC_066847_1_2848610.1,NC_066847_1_2848610,NC_066847_1,2848610
3.1765698627174394e-4,NC_066847_1_2848610.0,NC_066847_1_2848610,NC_066847_1,2848610
3.1532514463732694e-4,NC_066852_1_8262685.0,NC_066852_1_8262685,NC_066852_1,8262685
3.153251446373267e-4,NC_066852_1_8262685.1,NC_066852_1_8262685,NC_066852_1,8262685
3.084273727464781e-4,NC_066838_1_4821876.1,NC_066838_1_4821876,NC_066838_1,4821876
3.084273727464781e-4,NC_066838_1_4821876.0,NC_066838_1_4821876,NC_066838_1,4821876
3.0830337130617315e-4,NC_066836_1_2879304.0,NC_066836_1_2879304,NC_066836_1,2879304
3.0830337130617315e-4,NC_066836_1_2879304.1,NC_066836_1_2879304,NC_066836_1,2879304
3.0653394224891247e-4,NC_066843_1_8586582.0,NC_066843_1_8586582,NC_066843_1,8586582
3.0653394224891247e-4,NC_066843_1_8586582.1,NC_066843_1_8586582,NC_066843_1,8586582
