Chromosome,Position,Major,Minor,MajorFrequencyPOZ,MinorFrequencyPOZ,MajorFrequencySEA,MinorFrequencySEA,AbsoluteDifference,NPOZ,NSEA
NC_066834.1,136355,G,T,0,1,1,0,1,98,142
NC_066834.1,13279892,C,T,0,1,1,0,1,102,152
NC_066834.1,14287487,C,T,0,1,1,0,1,106,152
NC_066835.1,890682,G,A,0,1,1,0,1,102,152
NC_066835.1,21987043,G,A,0,1,1,0,1,108,152
NC_066836.1,14696517,C,T,0,1,1,0,1,90,152
NC_066836.1,23790561,T,C,0,1,1,0,1,108,150
NC_066837.1,8194627,G,A,0,1,1,0,1,96,150
NC_066838.1,8137057,T,A,0,1,1,0,1,106,150
NC_066839.1,1986897,G,C,0,1,1,0,1,94,150
NC_066840.1,8726272,A,C,0,1,1,0,1,96,148
NC_066840.1,8726288,C,T,0,1,1,0,1,96,148
NC_066842.1,109713,C,G,0,1,1,0,1,94,152
NC_066842.1,163725,C,T,0,1,1,0,1,94,152
NC_066842.1,2882294,A,G,0,1,1,0,1,104,152
NC_066844.1,12120706,C,A,0,1,1,0,1,108,148
NC_066845.1,4391425,A,G,0,1,1,0,1,96,150
NC_066845.1,4437680,G,A,0,1,1,0,1,104,152
NC_066845.1,24699149,G,A,0,1,1,0,1,90,146
NC_066846.1,11938483,G,A,0,1,1,0,1,100,152
NC_066847.1,1643349,A,G,0,1,1,0,1,106,152
NC_066847.1,4242973,G,A,0,1,1,0,1,92,142
NC_066847.1,19318227,C,T,0,1,1,0,1,102,150
NC_066847.1,20512869,G,A,0,1,1,0,1,94,152
NC_066848.1,597064,C,T,0,1,1,0,1,108,152
NC_066848.1,13453859,A,C,0,1,1,0,1,100,142
NC_066848.1,22328973,G,A,0,1,1,0,1,106,152
NC_066849.1,7306500,C,T,0,1,1,0,1,108,152
NC_066851.1,16592761,C,A,0,1,1,0,1,100,152
NC_066851.1,18581364,C,A,0,1,1,0,1,106,152
NC_066852.1,23397703,T,C,0,1,1,0,1,106,152
NC_066854.1,4613008,T,C,0,1,1,0,1,108,150
NC_066854.1,9031512,G,A,0,1,1,0,1,96,152
NC_066856.1,1282877,G,A,0,1,1,0,1,96,152
NC_066834.1,14772623,T,C,0,1,0.993421,0.00657895,0.993421,108,152
NC_066834.1,25154132,T,C,0,1,0.993421,0.00657895,0.993421,102,152
NC_066835.1,934607,C,T,0,1,0.993421,0.00657895,0.993421,108,152
NC_066836.1,8110675,A,C,0,1,0.993421,0.00657895,0.993421,104,152
NC_066837.1,3945625,G,T,0,1,0.993421,0.00657895,0.993421,108,152
NC_066839.1,59575,G,A,0,1,0.993421,0.00657895,0.993421,96,152
NC_066843.1,7411724,C,T,0,1,0.993421,0.00657895,0.993421,108,152
NC_066846.1,5912289,G,A,0,1,0.993421,0.00657895,0.993421,106,152
NC_066849.1,16284927,G,A,0,1,0.993421,0.00657895,0.993421,98,152
NC_066851.1,5177466,G,A,0,1,0.993421,0.00657895,0.993421,96,152
NC_066852.1,20735766,G,A,0,1,0.993421,0.00657895,0.993421,106,152
NC_066835.1,911986,C,T,0,1,0.993333,0.00666667,0.993333,90,150
NC_066840.1,15013204,G,A,0,1,0.993333,0.00666667,0.993333,92,150
NC_066848.1,11158263,G,T,0,1,0.993333,0.00666667,0.993333,108,150
NC_066851.1,16592851,C,T,0,1,0.993333,0.00666667,0.993333,96,150
NC_066853.1,720003,C,A,0,1,0.993333,0.00666667,0.993333,108,150
NC_066851.1,23185902,C,T,0,1,0.993243,0.00675676,0.993243,106,148
NC_066842.1,135060,A,G,0,1,0.993151,0.00684932,0.993151,100,146
NC_066850.1,17154670,G,T,0,1,0.993151,0.00684932,0.993151,104,146
NC_066851.1,19725722,G,A,0,1,0.993151,0.00684932,0.993151,108,146
NC_066852.1,12665646,G,T,0,1,0.993151,0.00684932,0.993151,104,146
NC_066852.1,5854347,G,A,0,1,0.993056,0.00694444,0.993056,104,144
NC_066833.1,18508150,C,T,0.00925926,0.990741,1,0,0.99074074,108,152
NC_066834.1,11340418,G,A,0.00925926,0.990741,1,0,0.99074074,108,152
NC_066848.1,1570954,A,G,0.00925926,0.990741,1,0,0.99074074,108,152
NC_066850.1,10987903,C,T,0.00925926,0.990741,1,0,0.99074074,108,152
NC_066850.1,17851629,A,T,0.00925926,0.990741,1,0,0.99074074,108,152
NC_066851.1,20896962,C,T,0.00925926,0.990741,1,0,0.99074074,108,150
NC_066837.1,13061918,G,T,0.00943396,0.990566,1,0,0.99056604,106,152
NC_066839.1,413972,C,T,0.00943396,0.990566,1,0,0.99056604,106,152
NC_066847.1,13755579,G,A,0.00943396,0.990566,1,0,0.99056604,106,150
NC_066835.1,3181994,T,C,0.00980392,0.990196,1,0,0.99019608,102,146
NC_066842.1,23606270,T,G,0.00980392,0.990196,1,0,0.99019608,102,152
NC_066853.1,20747388,G,C,0.00980392,0.990196,1,0,0.99019608,102,152
NC_066839.1,3627583,T,G,0.01,0.99,1,0,0.99,100,144
NC_066845.1,24293419,C,A,0.01,0.99,1,0,0.99,100,144
NC_066854.1,2174003,C,T,0.01,0.99,1,0,0.99,100,152
NC_066845.1,2314885,C,T,0.0104167,0.989583,1,0,0.9895833,96,152
NC_066853.1,16437476,G,A,0.0104167,0.989583,1,0,0.9895833,96,152
NC_066854.1,9031594,C,T,0.0104167,0.989583,1,0,0.9895833,96,152
NC_066833.1,21825163,T,C,0.0106383,0.989362,1,0,0.9893617,94,140
NC_066834.1,2961550,A,C,0,1,0.986842,0.0131579,0.986842,108,152
NC_066835.1,902761,G,A,0,1,0.986842,0.0131579,0.986842,104,152
NC_066838.1,16687294,G,A,0,1,0.986842,0.0131579,0.986842,104,152
NC_066839.1,1805173,G,A,0,1,0.986842,0.0131579,0.986842,104,152
NC_066849.1,4152918,T,C,0,1,0.986842,0.0131579,0.986842,108,152
NC_066851.1,23185744,T,C,0,1,0.986842,0.0131579,0.986842,108,152
NC_066854.1,1137734,G,A,0,1,0.986842,0.0131579,0.986842,108,152
NC_066856.1,11588766,G,A,0,1,0.986842,0.0131579,0.986842,104,152
NC_066834.1,18408725,G,A,0,1,0.986486,0.0135135,0.986486,104,148
NC_066835.1,17314192,C,T,0,1,0.986486,0.0135135,0.986486,98,148
NC_066839.1,11004054,T,G,0,1,0.986111,0.0138889,0.986111,108,144
NC_066851.1,19385321,C,G,0,1,0.985915,0.0140845,0.985915,106,142
NC_066839.1,8712941,T,A,0,1,0.985507,0.0144928,0.985507,96,138
NC_066845.1,741650,T,A,0,1,0.985507,0.0144928,0.985507,106,138
NC_066845.1,26607210,A,C,0,1,0.985507,0.0144928,0.985507,102,138
NC_066844.1,15444005,T,G,0,1,0.985294,0.0147059,0.985294,106,136
NC_066835.1,22061968,A,T,0,1,0.985075,0.0149254,0.985075,100,134
NC_066840.1,9144931,T,A,0.00925926,0.990741,0.993243,0.00675676,0.98398374,108,148
NC_066844.1,21897759,G,A,0.00943396,0.990566,0.993151,0.00684932,0.98371704,106,146
NC_066838.1,13658681,A,G,0.01,0.99,0.993243,0.00675676,0.983243,100,148
NC_066853.1,8384435,G,A,0.01,0.99,0.992754,0.00724638,0.982754,100,138
NC_066834.1,1643262,G,T,0.0113636,0.988636,0.993243,0.00675676,0.9818794,88,148
NC_066837.1,28816323,G,A,0.0185185,0.981481,1,0,0.9814815,108,152
NC_066843.1,12199077,A,T,0.0185185,0.981481,1,0,0.9814815,108,152
NC_066847.1,208416,G,A,0.0192308,0.980769,1,0,0.9807692,104,152
NC_066838.1,1184201,C,T,0.0196078,0.980392,1,0,0.9803922,102,148
NC_066838.1,27677313,G,T,0,1,0.980263,0.0197368,0.980263,102,152
NC_066841.1,20729645,G,A,0,1,0.980263,0.0197368,0.980263,96,152
NC_066842.1,27825377,G,A,0,1,0.980263,0.0197368,0.980263,104,152
NC_066850.1,402213,C,T,0,1,0.980263,0.0197368,0.980263,96,152
NC_066853.1,19576852,C,A,0,1,0.980263,0.0197368,0.980263,106,152
NC_066854.1,1137776,T,C,0,1,0.980263,0.0197368,0.980263,108,152
NC_066834.1,18408791,C,G,0,1,0.98,0.02,0.98,104,150
NC_066843.1,11008536,T,C,0,1,0.98,0.02,0.98,106,150
NC_066844.1,11824252,T,C,0,1,0.97973,0.0202703,0.97973,102,148
NC_066850.1,17099333,T,C,0,1,0.97973,0.0202703,0.97973,98,148
NC_066842.1,2644221,C,T,0.0208333,0.979167,1,0,0.9791667,96,152
NC_066846.1,12416514,C,T,0.0208333,0.979167,1,0,0.9791667,96,152
NC_066847.1,3123461,T,G,0,1,0.978571,0.0214286,0.978571,96,140
NC_066846.1,11275979,A,G,0,1,0.977612,0.0223881,0.977612,106,134
NC_066837.1,24412502,G,A,0.00925926,0.990741,0.986842,0.0131579,0.97758274,108,152
NC_066851.1,4429857,T,C,0.00943396,0.990566,0.986486,0.0135135,0.97705204,106,148
NC_066835.1,21441644,G,A,0.01,0.99,0.986842,0.0131579,0.976842,100,152
NC_066838.1,11281654,T,G,0.0104167,0.989583,0.986667,0.0133333,0.9762503,96,150
NC_066835.1,542124,A,C,0.0238095,0.97619,1,0,0.9761905,84,150
NC_066833.1,2687662,C,T,0.0102041,0.989796,0.985915,0.0140845,0.9757108999999999,98,142
NC_066844.1,12136371,G,C,0.01,0.99,0.985294,0.0147059,0.975294,100,136
NC_066834.1,27232382,C,T,0.0111111,0.988889,0.986301,0.0136986,0.9751898999999999,90,146
NC_066843.1,19142824,T,A,0.0185185,0.981481,0.993333,0.00666667,0.9748145,108,150
NC_066842.1,10305015,G,A,0.0192308,0.980769,0.993421,0.00657895,0.9741902,104,152
NC_066835.1,20797993,C,T,0,1,0.973684,0.0263158,0.973684,94,152
NC_066839.1,4843781,C,T,0,1,0.973684,0.0263158,0.973684,108,152
NC_066854.1,3023613,G,C,0,1,0.973684,0.0263158,0.973684,92,152
NC_066833.1,18158111,C,A,0.0192308,0.980769,0.992857,0.00714286,0.9736262,104,140
NC_066845.1,480944,G,A,0,1,0.973333,0.0266667,0.973333,98,150
NC_066847.1,1257788,C,T,0,1,0.973333,0.0266667,0.973333,108,150
NC_066855.1,16512268,T,C,0,1,0.973333,0.0266667,0.973333,104,150
NC_066837.1,15050536,T,C,0.0277778,0.972222,1,0,0.9722222,108,144
NC_066845.1,20731442,C,T,0.0277778,0.972222,1,0,0.9722222,108,152
NC_066852.1,23691232,C,T,0.0277778,0.972222,1,0,0.9722222,108,152
NC_066839.1,13341909,C,T,0,1,0.972222,0.0277778,0.972222,90,144
NC_066847.1,14923316,C,T,0.0283019,0.971698,1,0,0.9716981,106,150
NC_066854.1,3082609,G,C,0.0217391,0.978261,0.993421,0.00657895,0.9716819,92,152
NC_066834.1,1639984,C,T,0,1,0.971429,0.0285714,0.971429,98,140
NC_066835.1,1318659,C,T,0,1,0.971014,0.0289855,0.971014,96,138
NC_066841.1,10942268,G,A,0.0222222,0.977778,0.993151,0.00684932,0.9709288,90,146
NC_066847.1,23279912,C,T,0.00925926,0.990741,0.97973,0.0202703,0.97047074,108,148
NC_066837.1,1828547,C,A,0.00925926,0.990741,0.979452,0.0205479,0.97019274,108,146
NC_066844.1,20219230,G,A,0.03,0.97,1,0,0.97,100,148
NC_066847.1,13546871,C,G,0.00925926,0.990741,0.979167,0.0208333,0.96990774,108,144
NC_066849.1,10978606,T,C,0.00943396,0.990566,0.979167,0.0208333,0.96973304,106,144
NC_066852.1,2501315,T,C,0.0106383,0.989362,0.98,0.02,0.9693617,94,150
NC_066838.1,2742006,C,T,0.0104167,0.989583,0.97973,0.0202703,0.9693133,96,148
NC_066836.1,1116232,G,A,0.00925926,0.990741,0.978571,0.0214286,0.96931174,108,140
NC_066849.1,10482684,C,T,0.01,0.99,0.978873,0.0211268,0.968873,100,142
NC_066843.1,2781593,C,T,0.03125,0.96875,1,0,0.96875,96,150
NC_066851.1,7024849,A,G,0.01,0.99,0.978261,0.0217391,0.968261,100,138
NC_066854.1,1137771,A,T,0.0185185,0.981481,0.986667,0.0133333,0.9681485,108,150
NC_066841.1,8703448,A,G,0.0188679,0.981132,0.986842,0.0131579,0.9679741,106,152
NC_066837.1,22323146,A,T,0.01,0.99,0.977941,0.0220588,0.9679409999999999,100,136
NC_066842.1,537981,A,C,0.00961538,0.990385,0.976923,0.0230769,0.96730762,104,130
NC_066842.1,1275982,C,T,0,1,0.967105,0.0328947,0.967105,108,152
NC_066842.1,26828746,T,C,0,1,0.967105,0.0328947,0.967105,108,152
NC_066847.1,286352,G,A,0,1,0.967105,0.0328947,0.967105,104,152
NC_066850.1,5414386,C,T,0,1,0.966667,0.0333333,0.966667,106,150
NC_066833.1,18423177,G,A,0.0204082,0.979592,0.986667,0.0133333,0.9662588,98,150
NC_066850.1,14049976,G,A,0,1,0.966216,0.0337838,0.966216,100,148
NC_066840.1,9999749,G,A,0.0340909,0.965909,1,0,0.9659091,88,152
NC_066843.1,8373132,G,A,0.0277778,0.972222,0.993333,0.00666667,0.9655552000000001,108,150
NC_066850.1,9275061,T,A,0.0277778,0.972222,0.993056,0.00694444,0.9652782000000001,108,144
NC_066834.1,26264840,A,G,0,1,0.965278,0.0347222,0.965278,94,144
NC_066839.1,1441858,G,A,0,1,0.965278,0.0347222,0.965278,100,144
NC_066843.1,5902870,A,G,0.0283019,0.971698,0.993421,0.00657895,0.9651191,106,152
NC_066854.1,1788452,C,T,0.00925926,0.990741,0.973333,0.0266667,0.96407374,108,150
NC_066834.1,21037503,T,C,0.0222222,0.977778,0.986111,0.0138889,0.9638888,90,144
NC_066836.1,3958773,A,G,0.00980392,0.990196,0.973684,0.0263158,0.96388008,102,152
NC_066834.1,301378,T,G,0.00961538,0.990385,0.973333,0.0266667,0.96371762,104,150
NC_066853.1,13648196,A,C,0.0102041,0.989796,0.973684,0.0263158,0.9634799,98,152
NC_066852.1,8451294,T,C,0.037037,0.962963,1,0,0.962963,108,150
NC_066853.1,20418596,C,T,0.037037,0.962963,1,0,0.962963,108,148
NC_066837.1,14668272,C,T,0.0384615,0.961538,1,0,0.9615385,104,150
NC_066855.1,11880893,G,A,0.0319149,0.968085,0.993243,0.00675676,0.9613281,94,148
NC_066847.1,284941,G,A,0.0108696,0.98913,0.971831,0.028169,0.9609614,92,142
NC_066839.1,469489,G,C,0.0319149,0.968085,0.992857,0.00714286,0.9609421,94,140
NC_066848.1,22152186,G,A,0,1,0.96,0.04,0.96,106,150
NC_066849.1,10673706,G,A,0.0196078,0.980392,0.979167,0.0208333,0.9595592000000001,102,144
NC_066836.1,1011372,G,A,0,1,0.959459,0.0405405,0.959459,106,148
NC_066843.1,11017611,G,A,0.0408163,0.959184,1,0,0.9591837,98,146
NC_066837.1,13841693,A,C,0.0192308,0.980769,0.978261,0.0217391,0.9590302,104,138
NC_066839.1,4659351,G,A,0,1,0.958904,0.0410959,0.958904,94,146
NC_066851.1,7024848,C,T,0.0204082,0.979592,0.978873,0.0211268,0.9584648,98,142
NC_066841.1,7531,C,T,0.0283019,0.971698,0.986667,0.0133333,0.9583651,106,150
NC_066848.1,2432391,G,A,0.0217391,0.978261,0.98,0.02,0.9582609,92,150
NC_066850.1,1605896,G,A,0.00925926,0.990741,0.967105,0.0328947,0.95784574,108,152
NC_066837.1,13861876,T,G,0,1,0.957746,0.0422535,0.957746,106,142
NC_066845.1,24732699,T,C,0.00980392,0.990196,0.966216,0.0337838,0.95641208,102,148
NC_066840.1,22556552,G,A,0.037037,0.962963,0.993421,0.00657895,0.956384,108,152
NC_066853.1,27128282,A,G,0.037037,0.962963,0.993421,0.00657895,0.956384,108,152
NC_066851.1,19009443,G,A,0.03,0.97,0.986301,0.0136986,0.956301,100,146
NC_066835.1,14961835,A,G,0.00925926,0.990741,0.965278,0.0347222,0.95601874,108,144
NC_066851.1,7024829,A,G,0.03,0.97,0.985915,0.0140845,0.955915,100,142
NC_066842.1,15836278,G,A,0,1,0.955882,0.0441176,0.955882,106,136
NC_066856.1,19197615,G,A,0,1,0.955882,0.0441176,0.955882,102,136
NC_066843.1,3355224,A,G,0,1,0.955224,0.0447761,0.955224,100,134
NC_066852.1,12082863,G,A,0,1,0.955224,0.0447761,0.955224,100,134
NC_066848.1,16492578,C,T,0.0108696,0.98913,0.965753,0.0342466,0.9548833999999999,92,146
NC_066839.1,9010405,T,C,0.0384615,0.961538,0.993333,0.00666667,0.9548715,104,150
NC_066844.1,24705506,G,A,0.0384615,0.961538,0.993333,0.00666667,0.9548715,104,150
NC_066844.1,345664,C,T,0.0326087,0.967391,0.986842,0.0131579,0.9542333,92,152
NC_066849.1,14649120,C,T,0.0319149,0.968085,0.986111,0.0138889,0.9541961,94,144
NC_066834.1,12159005,C,T,0,1,0.953947,0.0460526,0.953947,102,152
NC_066836.1,1080817,T,G,0,1,0.953947,0.0460526,0.953947,104,152
NC_066837.1,1857208,A,C,0,1,0.953947,0.0460526,0.953947,108,152
NC_066841.1,22895045,G,A,0,1,0.953947,0.0460526,0.953947,108,152
NC_066842.1,18119042,T,C,0,1,0.953947,0.0460526,0.953947,106,152
NC_066848.1,182029,A,G,0,1,0.953947,0.0460526,0.953947,106,152
NC_066850.1,3213454,G,A,0,1,0.953947,0.0460526,0.953947,104,152
NC_066851.1,19081751,G,T,0,1,0.953947,0.0460526,0.953947,106,152
NC_066853.1,24185475,C,T,0,1,0.953947,0.0460526,0.953947,108,152
NC_066841.1,12022484,C,A,0,1,0.953846,0.0461538,0.953846,108,130
NC_066848.1,2134837,T,C,0.0462963,0.953704,1,0,0.9537037,108,150
NC_066843.1,8632963,C,T,0.0326087,0.967391,0.986301,0.0136986,0.9536922999999999,92,146
NC_066837.1,1339549,A,T,0,1,0.953333,0.0466667,0.953333,88,150
NC_066845.1,6754479,G,T,0,1,0.953333,0.0466667,0.953333,98,150
NC_066847.1,82820,C,T,0,1,0.953333,0.0466667,0.953333,96,150
NC_066850.1,2591190,G,A,0,1,0.953333,0.0466667,0.953333,108,150
NC_066836.1,20062318,G,A,0,1,0.952703,0.0472973,0.952703,106,148
NC_066850.1,1183347,C,T,0,1,0.952703,0.0472973,0.952703,108,148
NC_066848.1,1386188,G,A,0.0277778,0.972222,0.980263,0.0197368,0.9524852,108,152
NC_066839.1,3379280,G,A,0.0408163,0.959184,0.993243,0.00675676,0.9524267,98,148
NC_066849.1,26249319,A,T,0.0340909,0.965909,0.986301,0.0136986,0.9522101,88,146
NC_066839.1,1461923,T,A,0.0212766,0.978723,0.973333,0.0266667,0.9520564,94,150
NC_066836.1,13117575,C,A,0,1,0.952055,0.0479452,0.952055,108,146
NC_066848.1,15057210,C,T,0,1,0.952055,0.0479452,0.952055,98,146
NC_066855.1,15897535,C,T,0,1,0.952055,0.0479452,0.952055,106,146
NC_066856.1,19472625,A,G,0.0217391,0.978261,0.973684,0.0263158,0.9519449,92,152
NC_066838.1,12799522,G,A,0,1,0.951389,0.0486111,0.951389,102,144
NC_066846.1,9092313,C,T,0.0416667,0.958333,0.992958,0.00704225,0.9512913000000001,96,142
NC_066854.1,3084279,G,A,0.0416667,0.958333,0.992958,0.00704225,0.9512913000000001,96,142
NC_066847.1,10990798,G,C,0.0283019,0.971698,0.979167,0.0208333,0.9508651,106,144
NC_066838.1,27615320,C,T,0.0227273,0.977273,0.972973,0.027027,0.9502457,88,148
NC_066836.1,12448940,C,T,0.0288462,0.971154,0.978873,0.0211268,0.9500268,104,142
